{
  "metadata": {
    "normalization": "dyt",
    "num_parameters": 459150,
    "batch_size": 128,
    "num_epochs": 10,
    "learning_rate": 0.001,
    "device": "mps"
  },
  "training_history": {
    "train_loss": [
      0.41719780033871307,
      0.06735977685964628,
      0.04559387427284074,
      0.03444575436655551,
      0.02726316323597183,
      0.02267516907706642,
      0.018577601468718764,
      0.010381599831797464,
      0.007225864343402256,
      0.0055920825311494594
    ],
    "train_acc": [
      89.595,
      98.13,
      98.68166666666667,
      98.97833333333334,
      99.17166666666667,
      99.29833333333333,
      99.44833333333334,
      99.705,
      99.82,
      99.87
    ],
    "val_loss": [
      0.06062702288190964,
      0.037099339510019445,
      0.028193084595288753,
      0.025287732010032347,
      0.02569432238771144,
      0.02699606668143651,
      0.02585668757773753,
      0.01979530652980556,
      0.022385330316600505,
      0.021540930621615443
    ],
    "val_acc": [
      98.22,
      98.79,
      99.09,
      99.11,
      99.1,
      99.11,
      99.11,
      99.25,
      99.32,
      99.33
    ],
    "learning_rate": [
      0.001,
      0.001,
      0.001,
      0.001,
      0.001,
      0.001,
      0.001,
      0.0005,
      0.0005,
      0.0005
    ]
  },
  "final_metrics": {
    "train_loss": 0.0055920825311494594,
    "train_acc": 99.87,
    "val_loss": 0.021540930621615443,
    "val_acc": 99.33,
    "convergence_epoch": 3,
    "convergence_status": "3",
    "max_val_acc": 99.33,
    "min_val_loss": 0.01979530652980556
  }
}